<beans xmlns="http://www.springframework.org/schema/beans"
	xmlns:batch="http://www.springframework.org/schema/batch" xmlns:task="http://www.springframework.org/schema/task"
	xmlns:util="http://www.springframework.org/schema/util" xmlns:xsi="http://www.w3.org/2001/XMLSchema-instance"
	xsi:schemaLocation="http://www.springframework.org/schema/batch
	http://www.springframework.org/schema/batch/spring-batch-2.2.xsd
	http://www.springframework.org/schema/beans
	http://www.springframework.org/schema/beans/spring-beans-3.2.xsd
	http://www.springframework.org/schema/util
	http://www.springframework.org/schema/util/spring-util-3.2.xsd">

	<bean id="CroptypesharvestedDao" class="gov.texas.tceq.ves.dao.impl.CroptypesharvestedDaoImpl"></bean>
	<bean id="croptypesharvestedPushTasklet" class="gov.texas.tceq.ves.batch.tasklets.CroptypesharvestedPushTasklet"></bean>

	<job id="croptypesharvestedPushJob" xmlns="http://www.springframework.org/schema/batch"
  	job-repository="jobRepository" restartable="true">

		<step id="croptypesharvestedPushJobStep">
			<tasklet ref="croptypesharvestedPushTasklet"  />
		</step>
	</job>

</beans>
