<beans xmlns="http://www.springframework.org/schema/beans"
	xmlns:batch="http://www.springframework.org/schema/batch" xmlns:task="http://www.springframework.org/schema/task"
	xmlns:util="http://www.springframework.org/schema/util" xmlns:xsi="http://www.w3.org/2001/XMLSchema-instance"
	xsi:schemaLocation="http://www.springframework.org/schema/batch
	http://www.springframework.org/schema/batch/spring-batch-2.2.xsd
	http://www.springframework.org/schema/beans
	http://www.springframework.org/schema/beans/spring-beans-3.2.xsd
	http://www.springframework.org/schema/util
	http://www.springframework.org/schema/util/spring-util-3.2.xsd">

	<bean id="Lnkswms4repDao" class="gov.texas.tceq.ves.dao.impl.Lnkswms4repDaoImpl"></bean>
	<bean id="lnkswms4repPushTasklet" class="gov.texas.tceq.ves.batch.tasklets.Lnkswms4repPushTasklet"></bean>

	<job id="lnkswms4repPushJob" xmlns="http://www.springframework.org/schema/batch"
  	job-repository="jobRepository" restartable="true">

		<step id="lnkswms4repPushJobStep">
			<tasklet ref="lnkswms4repPushTasklet"  />
		</step>
	</job>

</beans>
