<beans xmlns="http://www.springframework.org/schema/beans"
	xmlns:batch="http://www.springframework.org/schema/batch" xmlns:task="http://www.springframework.org/schema/task"
	xmlns:util="http://www.springframework.org/schema/util" xmlns:xsi="http://www.w3.org/2001/XMLSchema-instance"
	xsi:schemaLocation="http://www.springframework.org/schema/batch
	http://www.springframework.org/schema/batch/spring-batch-2.2.xsd
	http://www.springframework.org/schema/beans
	http://www.springframework.org/schema/beans/spring-beans-3.2.xsd
	http://www.springframework.org/schema/util
	http://www.springframework.org/schema/util/spring-util-3.2.xsd">

	<bean id="PlcyDao" class="gov.texas.tceq.ves.dao.impl.PlcyDaoImpl"></bean>
	<bean id="plcyPushTasklet" class="gov.texas.tceq.ves.batch.tasklets.PlcyPushTasklet"></bean>

	<job id="plcyPushJob" xmlns="http://www.springframework.org/schema/batch"
  	job-repository="jobRepository" restartable="true">

		<step id="plcyPushJobStep">
			<tasklet ref="plcyPushTasklet"  />
		</step>
	</job>

</beans>
