<beans xmlns="http://www.springframework.org/schema/beans"
	xmlns:batch="http://www.springframework.org/schema/batch" xmlns:task="http://www.springframework.org/schema/task"
	xmlns:util="http://www.springframework.org/schema/util" xmlns:xsi="http://www.w3.org/2001/XMLSchema-instance"
	xsi:schemaLocation="http://www.springframework.org/schema/batch
	http://www.springframework.org/schema/batch/spring-batch-2.2.xsd
	http://www.springframework.org/schema/beans
	http://www.springframework.org/schema/beans/spring-beans-3.2.xsd
	http://www.springframework.org/schema/util
	http://www.springframework.org/schema/util/spring-util-3.2.xsd">



<import resource="jobs/Vectorareductiontype-job-config.xml"/>	
<import resource="jobs/Unprmtfac-job-config.xml"/>
<import resource="jobs/Trtmntprcsstype-job-config.xml"/>	
<import resource="jobs/Trtmntchemslist-job-config.xml"/>
<import resource="jobs/Tmdlpolut-job-config.xml"/>	
<import resource="jobs/Tmdlpollutants-job-config.xml"/>	
<import resource="jobs/Teleph-job-config.xml"/>	
<import resource="jobs/Swunprmtcnstinsp-job-config.xml"/>	
<import resource="jobs/Swnoncnstinsp-job-config.xml"/>	
<import resource="jobs/Swms4insp-job-config.xml"/>	
<import resource="jobs/Swindstprmt-job-config.xml"/>	
<import resource="jobs/Swindstannulrep-job-config.xml"/>	
<import resource="jobs/Swevtrep-job-config.xml"/>	
<import resource="jobs/Swcnstprmt-job-config.xml"/>	
<import resource="jobs/Swcnstnoncnstinsp-job-config.xml"/>	
<import resource="jobs/Swcnstinsp-job-config.xml"/>	
<import resource="jobs/Swcnstindstinsp-job-config.xml"/>	
<import resource="jobs/Swms4smallprmt-job-config.xml"/>	
<import resource="jobs/Swms4progrep-job-config.xml"/>	
<import resource="jobs/Swms4largeprmt-job-config.xml"/>	
<import resource="jobs/Surfdsplsite-job-config.xml"/>	
<import resource="jobs/Subsctorcodeplusdesc-job-config.xml"/>	
<import resource="jobs/Submtrack-job-config.xml"/>	
<import resource="jobs/Submresults-job-config.xml"/>	
<import resource="jobs/Submhist-job-config.xml"/>	
<import resource="jobs/Ssosystmcomp-job-config.xml"/>	
<import resource="jobs/Ssostps-job-config.xml"/>	
<import resource="jobs/Ssomonthlyevtrep-job-config.xml"/>	
<import resource="jobs/Ssoinsp-job-config.xml"/>	
<import resource="jobs/Ssoevtrep-job-config.xml"/>	
<import resource="jobs/Ssoannulrep-job-config.xml"/>	
<import resource="jobs/Snglevtviol-job-config.xml"/>	
<import resource="jobs/Snglevtsviol-job-config.xml"/>	
<import resource="jobs/Siccode-job-config.xml"/>	
<import resource="jobs/Sep-job-config.xml"/>	
<import resource="jobs/Schdevtviol-job-config.xml"/>	
<import resource="jobs/Satlcollsystm-job-config.xml"/>	
<import resource="jobs/Rmvlcrdtspolut-job-config.xml"/>	
<import resource="jobs/Rmvlcrdts-job-config.xml"/>	
<import resource="jobs/Repparam-job-config.xml"/>	
<import resource="jobs/Repoblgtntype-job-config.xml"/>	
<import resource="jobs/Repnoncmplstat-job-config.xml"/>	
<import resource="jobs/Repanmltype-job-config.xml"/>	
<import resource="jobs/Projtype-job-config.xml"/>	
<import resource="jobs/Projsrcsfund-job-config.xml"/>	
<import resource="jobs/Progdefcytype-job-config.xml"/>	
<import resource="jobs/Progsviol-job-config.xml"/>	
<import resource="jobs/Prog-job-config.xml"/>	
<import resource="jobs/Prmttrackevt-job-config.xml"/>	
<import resource="jobs/Prmtterm-job-config.xml"/>	
<import resource="jobs/Prmtschdviol-job-config.xml"/>	
<import resource="jobs/Prmtschdevtviolelem-job-config.xml"/>	
<import resource="jobs/Prmtschdevt-job-config.xml"/>	
<import resource="jobs/Prmtreissu-job-config.xml"/>	
<import resource="jobs/Prmtident-job-config.xml"/>	
<import resource="jobs/Prmtfeatrtrtmnttype-job-config.xml"/>	
<import resource="jobs/Prmtfeatrchar-job-config.xml"/>	
<import resource="jobs/Prmtfeatr-job-config.xml"/>	
<import resource="jobs/Prmtcomptype-job-config.xml"/>	
<import resource="jobs/Pretrprmt-job-config.xml"/>	
<import resource="jobs/Pretrperfsumm-job-config.xml"/>	
<import resource="jobs/Pretrinsp-job-config.xml"/>	
<import resource="jobs/Potwprmt-job-config.xml"/>	
<import resource="jobs/Plcy-job-config.xml"/>	
<import resource="jobs/Payload-job-config.xml"/>	
<import resource="jobs/Pathogenreductiontype-job-config.xml"/>	
<import resource="jobs/Paramlmts-job-config.xml"/>	
<import resource="jobs/Othrprmts-job-config.xml"/>	
<import resource="jobs/Origprogs-job-config.xml"/>	
<import resource="jobs/Numrep-job-config.xml"/>	
<import resource="jobs/Numcond-job-config.xml"/>	
<import resource="jobs/Npdesdatgrpnum-job-config.xml"/>	
<import resource="jobs/Natprio-job-config.xml"/>	
<import resource="jobs/Narrcondschd-job-config.xml"/>	
<import resource="jobs/Naicscode-job-config.xml"/>	
<import resource="jobs/Mnlmtapplies-job-config.xml"/>	
<import resource="jobs/Mnurlttrprcsswwstor-job-config.xml"/>	
<import resource="jobs/Mgmtprcdefcytype-job-config.xml"/>	
<import resource="jobs/Mastergnrlprmt-job-config.xml"/>	
<import resource="jobs/Loclmtsprogrep-job-config.xml"/>	
<import resource="jobs/Loclmtspolut-job-config.xml"/>	
<import resource="jobs/Loclmts-job-config.xml"/>	
<import resource="jobs/Lnkswevtrep-job-config.xml"/>	
<import resource="jobs/Lnkswms4rep-job-config.xml"/>	
<import resource="jobs/Lnkstcmplmon-job-config.xml"/>	
<import resource="jobs/Lnkssomonthlyevtrep-job-config.xml"/>	
<import resource="jobs/Lnkssoevtrep-job-config.xml"/>	
<import resource="jobs/Lnkssoannulrep-job-config.xml"/>	
<import resource="jobs/Lnksnglevt-job-config.xml"/>	
<import resource="jobs/Lnkpretrperfrep-job-config.xml"/>	
<import resource="jobs/Lnkloclmtsrep-job-config.xml"/>	
<import resource="jobs/Lnkfedrcmplmon-job-config.xml"/>	
<import resource="jobs/Lnkenfrcactn-job-config.xml"/>	
<import resource="jobs/Lnkcsoevtrep-job-config.xml"/>	
<import resource="jobs/Lnkcafoannulrep-job-config.xml"/>	
<import resource="jobs/Lnkbsrep-job-config.xml"/>	
<import resource="jobs/Lmtsetstat-job-config.xml"/>	
<import resource="jobs/Lmtsetschd-job-config.xml"/>	
<import resource="jobs/Lmtsetmonthsappl-job-config.xml"/>	
<import resource="jobs/Lmtset-job-config.xml"/>	
<import resource="jobs/Lmts-job-config.xml"/>	
<import resource="jobs/Lmt-job-config.xml"/>	
<import resource="jobs/Landapplsite-job-config.xml"/>	
<import resource="jobs/Landapplbmp-job-config.xml"/>	
<import resource="jobs/Keyhash-job-config.xml"/>	
<import resource="jobs/Infrmlenfrcactn-job-config.xml"/>	
<import resource="jobs/Incin-job-config.xml"/>	
<import resource="jobs/Impairedwtrpollutants-job-config.xml"/>	
<import resource="jobs/Impactssoevt-job-config.xml"/>	
<import resource="jobs/Histprmtschdevts-job-config.xml"/>	
<import resource="jobs/Gpcfnoexposure-job-config.xml"/>	
<import resource="jobs/Gpcfnoticeofterm-job-config.xml"/>	
<import resource="jobs/Gpcfnoticeofintent-job-config.xml"/>	
<import resource="jobs/Gpcfcnstwaiver-job-config.xml"/>	
<import resource="jobs/Gnrlprmt-job-config.xml"/>	
<import resource="jobs/Geocoord-job-config.xml"/>	
<import resource="jobs/Frmlenfrcactn-job-config.xml"/>	
<import resource="jobs/Finalorderviollnk-job-config.xml"/>	
<import resource="jobs/Finalorderprmtident-job-config.xml"/>	
<import resource="jobs/Finalorder-job-config.xml"/>	
<import resource="jobs/Facclass-job-config.xml"/>	
<import resource="jobs/Fac-job-config.xml"/>	
<import resource="jobs/Enfrcagncy-job-config.xml"/>	
<import resource="jobs/Enfrcactnviollnk-job-config.xml"/>	
<import resource="jobs/Enfrcactntype-job-config.xml"/>	
<import resource="jobs/Enfrcactnmilestone-job-config.xml"/>	
<import resource="jobs/Enfrcactngovcontact-job-config.xml"/>	
<import resource="jobs/Efflutradeprtneraddr-job-config.xml"/>	
<import resource="jobs/Efflutradeprtner-job-config.xml"/>	
<import resource="jobs/Effluguide-job-config.xml"/>	
<import resource="jobs/Dschmonrepviol-job-config.xml"/>	
<import resource="jobs/Dschmonrepparamviol-job-config.xml"/>	
<import resource="jobs/Dschmonrep-job-config.xml"/>	
<import resource="jobs/Dmrviol-job-config.xml"/>	
<import resource="jobs/Dmrprogreplnk-job-config.xml"/>	
<import resource="jobs/Datahash-job-config.xml"/>	
<import resource="jobs/Csoprmt-job-config.xml"/>	
<import resource="jobs/Csoinsp-job-config.xml"/>	
<import resource="jobs/Csoevtrep-job-config.xml"/>	
<import resource="jobs/Croptypesplanted-job-config.xml"/>	
<import resource="jobs/Croptypesharvested-job-config.xml"/>	
<import resource="jobs/Codsplsite-job-config.xml"/>	
<import resource="jobs/Containment-job-config.xml"/>	
<import resource="jobs/Contact-job-config.xml"/>	
<import resource="jobs/Cnstsite-job-config.xml"/>	
<import resource="jobs/Cmpltrackstat-job-config.xml"/>	
<import resource="jobs/Cmplschdviol-job-config.xml"/>	
<import resource="jobs/Cmplschdevtviolelem-job-config.xml"/>	
<import resource="jobs/Cmplschdevt-job-config.xml"/>	
<import resource="jobs/Cmplschd-job-config.xml"/>	
<import resource="jobs/Cmplmonlnk-job-config.xml"/>	
<import resource="jobs/Cmplmonagncytype-job-config.xml"/>	
<import resource="jobs/Cmplmonactnreason-job-config.xml"/>	
<import resource="jobs/Cmplmon-job-config.xml"/>	
<import resource="jobs/Cmplinsptype-job-config.xml"/>	
<import resource="jobs/Cafoprmt-job-config.xml"/>	
<import resource="jobs/Cafoinspvioltype-job-config.xml"/>	
<import resource="jobs/Cafoinsp-job-config.xml"/>	
<import resource="jobs/Cafoannulrep-job-config.xml"/>	
<import resource="jobs/Bstype-job-config.xml"/>	
<import resource="jobs/Bsprogrep-job-config.xml"/>	
<import resource="jobs/Bsprmt-job-config.xml"/>	
<import resource="jobs/Bsmgmtpractices-job-config.xml"/>	
<import resource="jobs/Bsendusedspltype-job-config.xml"/>	
<import resource="jobs/Bsannulprogrep-job-config.xml"/>	
<import resource="jobs/Basicprmt-job-config.xml"/>	
<import resource="jobs/Asscprmt-job-config.xml"/>	
<import resource="jobs/Anmltype-job-config.xml"/>	
<import resource="jobs/Anlytclmethod-job-config.xml"/>	
<import resource="jobs/Addr-job-config.xml"/>	
<import resource="jobs/Aboutdb-job-config.xml"/>	
	
</beans>
