<beans xmlns="http://www.springframework.org/schema/beans"
	xmlns:batch="http://www.springframework.org/schema/batch" xmlns:task="http://www.springframework.org/schema/task"
	xmlns:util="http://www.springframework.org/schema/util" xmlns:xsi="http://www.w3.org/2001/XMLSchema-instance"
	xsi:schemaLocation="http://www.springframework.org/schema/batch
	http://www.springframework.org/schema/batch/spring-batch-2.2.xsd
	http://www.springframework.org/schema/beans
	http://www.springframework.org/schema/beans/spring-beans-3.2.xsd
	http://www.springframework.org/schema/util
	http://www.springframework.org/schema/util/spring-util-3.2.xsd">
	
	<import resource="datasources.xml"/>
	
	<!-- <import resource="payload-job-config.xml"/> -->
	<!-- <import resource="singleEvtViol-job-config.xml"/> -->
	<!-- <import resource="complianceMon-job-config.xml"/> -->
	
	<import resource="AllJobs-config.xml"/>
	<!-- <import resource="jobs/Frmlenfrcactn-job-config.xml"/> -->
	
	<bean id="wsTemplate" class="org.springframework.ws.client.core.WebServiceTemplate"></bean>
	
	<bean id = "transactionManager"
   class = "org.springframework.batch.support.transaction.ResourcelessTransactionManager" />
	
	<!-- Following jobRepository to not to use spring meta tables JobRepository 
		and JobLauncher are configuration/setup classes -->
	<bean id="jobRepository" class="org.springframework.batch.core.repository.support.MapJobRepositoryFactoryBean">
		<property name="transactionManager" ref="transactionManager" />
	</bean>
		
	<bean id="jobLauncher"
		class="org.springframework.batch.core.launch.support.SimpleJobLauncher">
		<property name="jobRepository" ref="jobRepository" />
		
		<!-- Synchronous Task Executor -->
		<property name="taskExecutor" ref="syncTaskExecutor" />
	</bean>
	
	<!-- <bean id="asyncJobLauncher"
		class="org.springframework.batch.core.launch.support.SimpleJobLauncher">
		<property name="jobRepository" ref="jobRepository" />
		<property name="taskExecutor" ref="taskExecutorThreadPool" />
	</bean> -->
	
	<bean id="syncTaskExecutor" class="org.springframework.core.task.SyncTaskExecutor" />
	<bean id="aSyncTaskExecutor" class="org.springframework.core.task.SimpleAsyncTaskExecutor" />
	
	<bean id="taskExecutorThreadPool" class="org.springframework.scheduling.concurrent.ThreadPoolTaskExecutor">
      <property name="corePoolSize" value="12" />
      <property name="maxPoolSize" value="16" />
      <property name="queueCapacity" value="12" />
      <property name="WaitForTasksToCompleteOnShutdown" value="false" />
      <property name="awaitTerminationSeconds" value="2" />
   </bean>
	
	 
</beans>
