<?xml version="1.0" encoding="UTF-8"?>  
<jboss-deployment-structure xmlns="urn:jboss:deployment-structure:1.0">  
  <deployment>  
  	<!-- 
        <dependencies>
		  <module name="org.dom4j" export="true" />
		  <module name="javax.faces.api" export="true" />
		  <module name="com.sun.jsf-impl" export="true" />
		  <module name="com.fasterxml.jackson.core.jackson-annotations" export="true" />
		  <module name="com.fasterxml.jackson.core.jackson-core" export="true" />
		  <module name="com.fasterxml.jackson.core.jackson-databind" export="true" />
		  <module name="javax.el.api" export="true"/>
		  <module name="javax.servlet.api" export="true"/>
		  <module name="javax.servlet.jsp.api" export="true"/>
		  <module name="javax.servlet.jstl.api" export="true"/>
		  <module name="javax.validation.api" export="true"/>
		  <module name="sun.jdk" export="true" />
		  <module name="org.slf4j" export="true" /> 
		  <module name="javax.api" export="true" />
		  <module name="org.apache.commons.collections" export="true" />
		  <module name="org.jboss.common-beans" export="true" />
        </dependencies>  
        
        
        <exclusions>
            <module name="com.fasterxml.jackson.core.databind"/>
       </exclusions>
       -->
  </deployment>     
 </jboss-deployment-structure>